Rk,Name,Age,Tm,Lev,Aff,W,L,W-L%,ERA,RA9,G,GS,GF,CG,SHO,SV,IP,H,R,ER,HR,BB,IBB,SO,HBP,BK,WP,BF,WHIP,H9,HR9,BB9,SO9,SO/W
1,Trevor Foss,27,WST,Ind,,12,5,0.706,3.06,3.54,20,20,0,4,1,0,132.1,114,52,45,10,32,0,88,4,0,7,533,1.103,7.8,0.7,2.2,6.0,2.75
2,Jake Fisher*,26,WCT,Ind,,10,7,0.588,2.8,3.07,20,20,0,4,1,0,138.0,126,47,43,5,29,0,120,5,1,0,560,1.123,8.2,0.3,1.9,7.8,4.14
3,Cody Gray,25,FLR,Ind,,10,4,0.714,3.24,4.11,18,18,0,4,1,0,114.0,110,52,41,18,26,0,94,11,2,8,477,1.193,8.7,1.4,2.1,7.4,3.62
4,Jordan Kraus,25,FLR,Ind,,10,5,0.667,3.27,3.78,18,18,0,3,1,0,123.2,118,52,45,6,50,0,98,16,1,10,537,1.358,8.6,0.4,3.6,7.1,1.96
5,Chase Cunningham,23,WST,Ind,,10,3,0.769,3.46,3.82,20,20,0,1,0,0,125.0,120,53,48,9,46,1,64,10,0,6,534,1.328,8.6,0.6,3.3,4.6,1.39
6,Scott Sebald*,23,NRM,Ind,,9,2,0.818,2.89,3.22,22,15,2,1,0,1,109.0,104,39,35,7,29,1,87,6,0,2,456,1.22,8.6,0.6,2.4,7.2,3.0
7,Lars Liguori*,26,SCH,Ind,,9,4,0.692,3.44,3.9,18,17,0,3,0,0,99.1,101,43,38,8,31,0,82,2,0,4,424,1.329,9.2,0.7,2.8,7.4,2.65
8,Kagen Hopkins,26,SCH,Ind,,9,5,0.643,4.19,4.37,18,18,0,0,0,0,103.0,104,50,48,9,38,0,86,2,1,6,440,1.379,9.1,0.8,3.3,7.5,2.26
9,Tony Vocca,26,FLR,Ind,,9,5,0.643,4.31,4.98,17,16,1,1,0,0,94.0,94,52,45,12,39,0,71,10,1,9,416,1.415,9.0,1.1,3.7,6.8,1.82
10,Reese Gregory,23,RIV,Ind,,9,5,0.643,4.46,4.81,21,14,2,1,0,0,103.0,109,55,51,13,24,0,66,6,0,0,436,1.291,9.5,1.1,2.1,5.8,2.75
11,Max Duval,26,EVN,Ind,,8,2,0.8,2.28,3.1,14,14,0,3,1,0,87.0,58,30,22,8,27,0,113,4,0,6,344,0.977,6.0,0.8,2.8,11.7,4.19
12,Hector Hernandez*,26,RIV,Ind,,8,8,0.5,3.64,3.79,19,19,0,0,0,0,121.0,105,51,49,10,50,0,117,6,1,8,516,1.281,7.8,0.7,3.7,8.7,2.34
13,Vince Molesky,26,GAT,Ind,,8,7,0.533,3.85,4.34,21,19,2,2,1,1,128.2,118,62,55,12,34,3,120,3,1,7,538,1.181,8.3,0.8,2.4,8.4,3.53
14,Steve Hagen,25,LECFLR,Ind,,8,5,0.615,3.95,4.58,20,20,0,2,1,0,127.2,130,65,56,18,32,0,98,19,0,3,548,1.269,9.2,1.3,2.3,6.9,3.06
15,Zac Westcott,25,WCT,Ind,,8,5,0.615,4.24,4.94,19,19,0,1,1,0,114.2,116,63,54,11,36,0,88,7,0,2,498,1.326,9.1,0.9,2.8,6.9,2.44
16,Hunter Ackerman*,26,EVN,Ind,,8,6,0.571,4.75,5.54,15,15,0,1,0,0,91.0,104,56,48,8,26,0,88,8,0,7,410,1.429,10.3,0.8,2.6,8.7,3.38
17,Ethan Gibbons,27,SOIWST,Ind,,8,6,0.571,5.11,5.4,21,15,4,1,0,0,91.2,89,55,52,16,34,0,85,4,0,4,390,1.342,8.7,1.6,3.3,8.3,2.5
18,Jordan Kurokawa,24,LEC,Ind,,7,4,0.636,2.53,2.76,18,17,1,3,0,0,117.1,101,36,33,3,26,0,79,0,1,6,459,1.082,7.7,0.2,2.0,6.1,3.04
19,Luc Rennie,23,EVN,Ind,,7,5,0.583,2.91,4.19,13,12,0,0,0,0,77.1,71,36,25,6,39,1,66,1,0,7,334,1.422,8.3,0.7,4.5,7.7,1.69
20,Shawn Blackwell,26,NRM,Ind,,7,5,0.583,2.92,3.63,36,7,25,2,1,11,89.1,74,36,29,5,36,2,102,4,1,8,373,1.231,7.5,0.5,3.6,10.3,2.83
21,Charlie Gillies,26,NRM,Ind,,7,10,0.412,4.25,4.85,20,20,0,3,1,0,120.2,118,65,57,3,55,1,90,6,2,6,526,1.434,8.8,0.2,4.1,6.7,1.64
22,Kramer Champlin,27,TCY,Ind,,7,9,0.438,4.44,5.05,18,18,0,2,0,0,103.1,138,58,51,7,22,0,69,3,0,3,464,1.548,12.0,0.6,1.9,6.0,3.14
23,Braulio Torres-Perez*,24,FLR,Ind,,6,2,0.75,2.82,3.26,10,9,0,1,1,0,60.2,56,22,19,3,25,0,52,6,2,5,260,1.335,8.3,0.4,3.7,7.7,2.08
24,Marty Anderson*,24,FLR,Ind,,6,2,0.75,2.96,3.7,10,8,0,1,0,0,48.2,39,20,16,2,22,1,44,7,0,3,212,1.253,7.2,0.4,4.1,8.1,2.0
25,Tyler Stubblefield*,23,SOI,Ind,,6,2,0.75,3.07,3.88,12,12,0,1,1,0,67.1,56,29,23,4,23,0,55,1,0,1,285,1.173,7.5,0.5,3.1,7.4,2.39
26,Josh Glick,23,WCT,Ind,,6,2,0.75,3.51,4.59,34,0,11,0,0,0,33.1,24,17,13,1,14,1,30,4,0,1,133,1.14,6.5,0.3,3.8,8.1,2.14
27,Skylar Janisse,23,JOL,Ind,,6,3,0.667,3.61,4.62,21,6,5,1,0,1,62.1,63,32,25,6,24,1,54,3,1,4,277,1.396,9.1,0.9,3.5,7.8,2.25
28,Dan Ludwig*,24,RIV,Ind,,6,4,0.6,3.92,4.51,19,18,0,1,1,0,105.2,119,53,46,10,22,0,76,3,3,4,450,1.334,10.1,0.9,1.9,6.5,3.45
29,Zach Cooper,27,SOI,Ind,,6,10,0.375,4.44,5.3,19,19,0,1,0,0,105.1,98,62,52,6,42,0,94,13,0,5,463,1.329,8.4,0.5,3.6,8.0,2.24
30,Will Landsheft,24,GATWCT,Ind,,6,10,0.375,4.69,5.17,20,19,0,1,0,0,111.1,105,64,58,12,58,3,85,6,1,4,491,1.464,8.5,1.0,4.7,6.9,1.47
31,Payton Lobdell,23,LECSOI,Ind,,6,8,0.429,5.78,6.48,16,16,0,0,0,0,90.1,99,65,58,9,27,0,48,5,0,3,393,1.395,9.9,0.9,2.7,4.8,1.78
32,Augie Gallardo,23,TCY,Ind,,6,7,0.462,6.42,8.3,26,14,4,0,0,1,81.1,101,75,58,9,35,0,62,8,1,0,384,1.672,11.2,1.0,3.9,6.9,1.77
33,Gunnar Kines*,23,SCH,Ind,,5,1,0.833,1.31,1.31,7,7,0,1,0,0,41.1,30,6,6,2,13,0,53,1,0,0,164,1.04,6.5,0.4,2.8,11.5,4.08
34,Brady Muller*,24,WCT,Ind,,5,1,0.833,1.36,1.94,7,7,0,0,0,0,46.1,34,10,7,0,9,0,41,1,1,0,179,0.928,6.6,0.0,1.7,8.0,4.56
35,Kit Fowler,23,SCH,Ind,,5,2,0.714,1.85,2.4,12,6,2,0,0,1,48.2,33,13,10,1,18,0,51,1,0,3,194,1.048,6.1,0.2,3.3,9.4,2.83
36,Zach Strecker,23,WST,Ind,,5,5,0.5,2.34,3.5,44,0,41,0,0,20,61.2,56,24,16,1,17,0,40,1,0,2,255,1.184,8.2,0.1,2.5,5.8,2.35
37,Justin Sinibaldi,23,LEC,Ind,,5,2,0.714,3.15,3.15,36,0,11,0,0,0,60.0,48,21,21,5,13,4,73,1,0,2,235,1.017,7.2,0.8,2.0,11.0,5.62
38,Luis Cruz*,26,JOL,Ind,,5,5,0.5,3.23,3.38,12,12,0,1,0,0,61.1,52,23,22,6,25,0,67,2,0,1,256,1.255,7.6,0.9,3.7,9.8,2.68
39,Davis Adkins,23,WST,Ind,,5,1,0.833,3.38,3.73,39,0,10,0,0,1,50.2,36,21,19,3,25,0,50,6,0,2,217,1.204,6.4,0.5,4.4,8.9,2.0
40,John Havird*,23,TCY,Ind,,5,7,0.417,3.54,4.14,18,18,0,1,1,0,104.1,114,48,41,13,31,0,81,7,0,3,445,1.39,9.8,1.1,2.7,7.0,2.61
41,Julio Vivas,23,NRM,Ind,,5,4,0.556,3.58,4.09,14,14,0,2,1,0,88.0,86,40,35,7,36,1,69,7,1,5,386,1.386,8.8,0.7,3.7,7.1,1.92
42,Felix Baez,24,EVN,Ind,,5,4,0.556,3.69,4.11,15,15,0,0,0,0,85.1,75,39,35,7,39,0,104,6,0,3,371,1.336,7.9,0.7,4.1,11.0,2.67
43,Juan Caballero,24,LEC,Ind,,5,5,0.5,3.86,4.1,13,13,0,3,3,0,74.2,56,34,32,11,42,0,64,4,1,2,320,1.313,6.8,1.3,5.1,7.7,1.52
44,Clay Chapman,25,WCT,Ind,,5,6,0.455,3.87,4.76,20,20,0,2,1,0,121.0,113,64,52,10,50,0,113,7,0,6,517,1.347,8.4,0.7,3.7,8.4,2.26
45,Zeb Sneed,26,RIV,Ind,,5,1,0.833,3.99,4.18,9,9,0,0,0,0,47.1,52,22,21,6,19,0,43,1,0,5,213,1.5,9.9,1.1,3.6,8.2,2.26
46,Dalton Von Schamann,26,JOL,Ind,,5,8,0.385,4.06,4.8,19,19,0,2,1,0,122.0,140,65,55,11,23,1,89,9,0,5,535,1.336,10.3,0.8,1.7,6.6,3.87
47,Austin Kerr*,24,SCH,Ind,,5,1,0.833,5.03,7.32,17,0,2,0,0,0,19.2,24,16,11,1,11,1,19,1,0,3,100,1.78,11.0,0.5,5.0,8.7,1.73
48,Shane Bryant,24,JOL,Ind,,5,6,0.455,5.69,6.21,21,17,2,0,0,0,104.1,121,72,66,10,37,1,78,12,0,4,477,1.514,10.4,0.9,3.2,6.7,2.11
49,Shane Weedman,24,EVN,Ind,,5,4,0.556,6.27,7.09,22,12,3,1,1,0,66.0,57,52,46,6,56,2,61,11,0,14,311,1.712,7.8,0.8,7.6,8.3,1.09
50,Kyano Cummings*,23,EVN,Ind,,4,2,0.667,1.22,2.69,50,0,21,0,0,7,73.2,57,22,10,2,20,0,58,1,0,8,301,1.045,7.0,0.2,2.4,7.1,2.9
51,Joe Hauser,23,SCH,Ind,,4,1,0.8,1.8,3.38,9,6,1,0,0,0,40.0,35,15,8,1,12,1,31,1,0,1,168,1.175,7.9,0.2,2.7,7.0,2.58
52,Randy McCurry,27,EVN,Ind,,4,1,0.8,2.73,3.08,26,0,26,0,0,17,26.1,17,9,8,2,19,0,30,2,0,3,114,1.367,5.8,0.7,6.5,10.3,1.58
53,Matt Parish,27,SOI,Ind,,4,4,0.5,3.69,4.08,9,9,0,0,0,0,46.1,44,21,19,5,22,0,17,7,0,0,204,1.424,8.5,1.0,4.3,3.3,0.77
54,Tanner Cable,23,GAT,Ind,,4,4,0.5,3.91,4.89,32,0,13,0,0,0,46.0,33,25,20,4,45,2,46,6,0,10,221,1.696,6.5,0.8,8.8,9.0,1.02
55,Brandon Quintero,23,SCH,Ind,,4,2,0.667,4.0,4.4,8,8,0,0,0,0,45.0,49,22,20,5,16,0,47,0,0,4,196,1.444,9.8,1.0,3.2,9.4,2.94
56,Aaron Burns,23,WST,Ind,,4,3,0.571,4.33,5.22,19,10,2,0,0,1,70.2,74,41,34,5,37,0,56,1,1,6,316,1.571,9.4,0.6,4.7,7.1,1.51
57,Devin Over,24,TCY,Ind,,4,3,0.571,4.37,7.23,42,0,16,0,0,2,47.1,57,38,23,5,25,5,38,3,5,4,224,1.732,10.8,1.0,4.8,7.2,1.52
58,Adam Quintana,25,LEC,Ind,,4,4,0.5,4.37,5.5,10,10,0,0,0,0,55.2,51,34,27,4,24,0,50,4,0,2,244,1.347,8.2,0.6,3.9,8.1,2.08
59,Michael Wood,21,SCH,Ind,,4,3,0.571,4.62,5.86,15,7,3,0,0,0,50.2,62,33,26,4,18,1,39,2,0,2,231,1.579,11.0,0.7,3.2,6.9,2.17
60,Matt Chavarria,25,RIV,Ind,,4,4,0.5,4.96,6.35,35,1,11,0,0,2,45.1,36,32,25,7,27,0,34,2,1,4,195,1.39,7.1,1.4,5.4,6.8,1.26
61,Tim Koons,25,RIV,Ind,,4,5,0.444,5.69,6.38,19,16,1,1,1,0,91.2,114,65,58,12,31,0,61,4,0,3,415,1.582,11.2,1.2,3.0,6.0,1.97
62,Ayrton Costa,25,SCH,Ind,,4,2,0.667,5.81,6.0,10,8,0,0,0,0,48.0,59,32,31,8,9,0,27,5,1,1,217,1.417,11.1,1.5,1.7,5.1,3.0
63,Joe Ortiz*,26,JOL,Ind,,4,3,0.571,5.94,6.62,19,5,4,0,0,1,53.0,61,39,35,7,13,0,29,3,0,1,235,1.396,10.4,1.2,2.2,4.9,2.23
64,Jason Zgardowski,23,RIV,Ind,,3,3,0.5,1.34,2.14,34,0,7,0,0,3,33.2,12,8,5,0,15,1,40,3,1,3,128,0.802,3.2,0.0,4.0,10.7,2.67
65,Scott Kuzminsky,25,WCT,Ind,,3,2,0.6,1.42,1.71,32,0,6,0,0,1,31.2,23,6,5,0,12,3,42,0,0,2,130,1.105,6.5,0.0,3.4,11.9,3.5
66,Chad Gendron,24,NRMGAT,Ind,,3,2,0.6,1.47,2.09,29,0,8,0,0,5,43.0,25,10,7,1,17,0,35,6,1,4,174,0.977,5.2,0.2,3.6,7.3,2.06
67,Kyle Westwood,26,SCH,Ind,,3,1,0.75,2.06,2.29,31,0,7,0,0,3,39.1,34,10,9,3,13,1,36,1,0,1,164,1.195,7.8,0.7,3.0,8.2,2.77
68,John Werner,25,SOI,Ind,,3,1,0.75,2.27,2.72,38,0,33,0,0,21,39.2,20,12,10,3,18,0,54,2,0,5,158,0.958,4.5,0.7,4.1,12.3,3.0
69,Logan Longwith,23,FLR,Ind,,3,0,1.0,2.45,2.45,4,3,0,0,0,0,22.0,14,6,6,2,5,0,13,2,0,2,82,0.864,5.7,0.8,2.0,5.3,2.6
70,Anthony Herrera,22,NRM,Ind,,3,0,1.0,2.67,3.0,18,0,6,0,0,0,27.0,21,9,8,2,8,0,18,2,0,0,111,1.074,7.0,0.7,2.7,6.0,2.25
71,Cody Mincey,25,RIVWCT,Ind,,3,2,0.6,2.81,3.67,40,0,27,0,0,11,41.2,34,17,13,2,24,1,50,7,0,2,186,1.392,7.3,0.4,5.2,10.8,2.08
72,Austin Dubsky,22,SOI,Ind,,3,1,0.75,3.02,3.19,27,2,6,0,0,0,53.2,42,19,18,3,24,0,58,1,0,2,223,1.23,7.0,0.5,4.0,9.7,2.42
73,Mike Elwood,24,GAT,Ind,,3,1,0.75,3.05,3.2,42,0,16,0,0,1,59.0,52,21,20,3,24,1,70,4,0,4,247,1.288,7.9,0.5,3.7,10.7,2.92
74,Alec Kenilvort,24,SCH,Ind,,3,1,0.75,3.1,3.54,19,0,12,0,0,7,20.1,18,8,7,1,6,0,27,0,0,3,87,1.18,8.0,0.4,2.7,12.0,4.5
75,Nick Deeg*,22,LEC,Ind,,3,3,0.5,3.13,3.38,7,7,0,0,0,0,37.1,25,14,13,2,17,0,31,6,0,3,156,1.125,6.0,0.5,4.1,7.5,1.82
76,Brian O'Keefe*,25,WST,Ind,,3,5,0.375,3.96,4.46,18,12,4,0,0,0,72.2,78,36,32,8,27,1,65,4,1,4,320,1.445,9.7,1.0,3.3,8.1,2.41
77,Conrad Wozniak,23,SCHJOL,Ind,,3,3,0.5,4.01,4.32,17,17,0,0,0,0,89.2,88,43,40,7,37,0,57,2,0,2,389,1.394,8.8,0.7,3.7,5.7,1.54
78,Reinaldo Lopez,26,TCY,Ind,,3,11,0.214,4.19,4.7,19,17,1,3,0,0,105.1,120,55,49,3,35,0,56,4,0,3,471,1.472,10.3,0.3,3.0,4.8,1.6
79,Brian Bayliss,22,TCY,Ind,,3,6,0.333,4.42,5.64,10,10,0,0,0,0,59.0,58,37,29,6,17,0,39,2,2,3,254,1.271,8.8,0.9,2.6,5.9,2.29
80,Chandler Jagodzinski,26,LEC,Ind,,3,5,0.375,4.46,4.98,34,0,32,0,0,18,34.1,46,19,17,1,9,6,31,3,0,2,152,1.602,12.1,0.3,2.4,8.1,3.44
81,Keivan Berges,25,FLR,Ind,,3,1,0.75,4.5,5.06,16,0,7,0,0,1,16.0,23,9,8,1,3,1,11,1,0,0,75,1.625,12.9,0.6,1.7,6.2,3.67
82,Enrique Zamora,23,FLR,Ind,,3,1,0.75,4.6,5.55,24,4,8,0,0,3,47.0,47,29,24,7,25,3,40,5,0,1,214,1.532,9.0,1.3,4.8,7.7,1.6
83,Connor Reed*,23,LEC,Ind,,3,6,0.333,4.75,5.27,18,12,5,0,0,2,85.1,101,50,45,11,21,0,70,1,0,4,375,1.43,10.7,1.2,2.2,7.4,3.33
84,JaVaun West,27,GAT,Ind,,3,8,0.273,4.93,5.45,26,13,4,0,0,0,104.0,109,63,57,12,38,2,102,9,3,7,461,1.413,9.4,1.0,3.3,8.8,2.68
85,Edgar De La Rosa,26,NRM,Ind,,3,6,0.333,4.97,5.09,14,14,0,1,0,0,76.0,78,43,42,10,31,0,60,6,0,2,334,1.434,9.2,1.2,3.7,7.1,1.94
86,Diego Ibarra,25,EVNLEC,Ind,,3,3,0.5,5.96,6.52,9,9,0,0,0,0,48.1,59,35,32,7,19,0,42,2,0,4,219,1.614,11.0,1.3,3.5,7.8,2.21
87,Austin Sweet,23,EVNGATLEC,Ind,,3,3,0.5,6.49,6.75,27,0,8,0,0,1,34.2,35,26,25,1,19,1,28,2,1,2,153,1.558,9.1,0.3,4.9,7.3,1.47
88,Tyler House*,24,JOL,Ind,,3,3,0.5,6.52,7.18,16,12,1,0,0,0,67.2,96,54,49,10,22,0,42,4,0,4,319,1.744,12.8,1.3,2.9,5.6,1.91
89,TJ Santiago,22,WCT,Ind,,3,4,0.429,6.59,6.91,13,9,1,0,0,0,54.2,73,42,40,11,14,0,45,1,1,2,246,1.591,12.0,1.8,2.3,7.4,3.21
90,Alec Kisena,21,GAT,Ind,,3,5,0.375,6.62,7.28,13,13,0,0,0,0,68.0,77,55,50,11,36,2,59,5,2,4,321,1.662,10.2,1.5,4.8,7.8,1.64
91,Ryan Etsell,25,EVN,Ind,,2,2,0.5,2.42,2.77,5,5,0,0,0,0,26.0,23,8,7,2,10,0,18,1,0,2,108,1.269,8.0,0.7,3.5,6.2,1.8
92,Jake Joyce,25,SCH,Ind,,2,3,0.4,2.68,2.9,40,0,35,0,0,16,40.1,25,13,12,5,27,2,65,0,0,5,176,1.289,5.6,1.1,6.0,14.5,2.41
93,Francisco Carrillo,27,NRM,Ind,,2,6,0.25,3.26,4.19,32,0,17,0,0,3,38.2,37,18,14,6,17,4,47,3,0,0,174,1.397,8.6,1.4,4.0,10.9,2.76
94,Trevor Bradley,24,WST,Ind,,2,3,0.4,3.6,4.05,21,3,7,0,0,1,40.0,46,18,16,5,21,0,35,0,0,0,185,1.675,10.4,1.1,4.7,7.9,1.67
95,Ken Knudsen,24,TCY,Ind,,2,0,1.0,4.18,5.23,34,1,7,0,0,0,51.2,49,30,24,4,30,0,44,2,1,6,232,1.529,8.5,0.7,5.2,7.7,1.47
96,Tyler Garkow,26,WST,Ind,,2,1,0.667,4.22,4.64,4,3,0,0,0,0,21.1,17,11,10,3,4,0,26,0,0,0,86,0.984,7.2,1.3,1.7,11.0,6.5
97,Manny Arciniega,24,LEC,Ind,,2,1,0.667,5.13,5.96,26,1,13,0,0,1,54.1,58,36,31,11,16,1,54,2,0,5,235,1.362,9.6,1.8,2.7,8.9,3.38
98,Hasten Freeman,23,EVN,Ind,,2,1,0.667,5.17,5.46,19,3,3,0,0,1,31.1,35,19,18,2,21,0,27,1,0,3,142,1.787,10.1,0.6,6.0,7.8,1.29
99,Jonathan de Marte,24,NRM,Ind,,2,1,0.667,5.53,5.53,20,0,5,0,0,0,27.2,23,17,17,0,13,1,36,1,0,2,118,1.301,7.5,0.0,4.2,11.7,2.77
100,Will Anderson,24,GAT,Ind,,2,14,0.125,5.86,6.67,20,19,1,0,0,0,110.2,138,82,72,14,51,0,69,8,1,8,510,1.708,11.2,1.1,4.1,5.6,1.35
